Time,200-A-Real,200-B-Real,200-A-Reactive,200-B-Reactive,100-A-Real,100-B-Real,100-C-Real,100-A-Reactive,100-B-Reactive,100-C-Reactive,5-A-Real,5-B-Real,5-C-Real,5-A-Reactive,5-B-Reactive,5-C-Reactive
 17:36:30.478984,"
"
 17:36:31.604609,1240.0925292969,0.0000000000,0.0000000000,0.0000000000,0.0000000000,0.0000000000,1240.5966796875,0.0000000000,0.0000000000,18.0953311920,"
"
 17:36:32.737107,1239.5463867188,0.0000000000,0.0000000000,0.0000000000,0.0000000000,0.0000000000,1240.2301025391,0.0000000000,0.0000000000,17.4767818451,"
"
 17:36:33.865793,1238.9372558594,0.0000000000,0.0000000000,0.0000000000,0.0000000000,0.0000000000,1239.4968261719,0.0000000000,0.0000000000,17.1169013977,"
"
 17:36:34.996178,1238.8111572266,0.0000000000,0.0000000000,0.0000000000,0.0000000000,0.0000000000,1238.7303466797,0.0000000000,0.0000000000,17.2293643951,"
"
