Time,200-A-Real,200-B-Real,200-A-Reactive,200-B-Reactive,100-A-Real,100-B-Real,100-C-Real,100-A-Reactive,100-B-Reactive,100-C-Reactive,5-A-Real,5-B-Real,5-C-Real,5-A-Reactive,5-B-Reactive,5-C-Reactive
 11:32:57.698000,"
"
 11:32:58.826159,0.0000000000,0.0000000000,0.0000000000,0.0000000000,0.0000000000,0.0000000000,0.0000000000,0.0000000000,0.0000000000,0.0000000000,"
"
 11:32:59.958244,0.0000000000,0.0000000000,0.0000000000,0.0000000000,0.0000000000,0.0000000000,0.0000000000,0.0000000000,0.0000000000,0.0000000000,"
"
 11:33:1.86429,0.0000000000,0.0000000000,0.0000000000,0.0000000000,0.0000000000,0.0000000000,0.0000000000,0.0000000000,0.0000000000,0.0000000000,"
"
 11:33:2.214751,0.0000000000,0.0000000000,0.0000000000,0.0000000000,0.0000000000,0.0000000000,0.0000000000,0.0000000000,0.0000000000,0.0000000000,"
"
